id,lat,lng
47936737,35.8389804903939,128.751216554929
47936672,35.8392217870554,128.759495008596
47936658,35.8396556699783,128.759237105316
47936637,35.8398019543371,128.755877866084
47935180,35.8226851105192,128.757263283958
47935136,35.823190757478,128.754708653194
47934540,35.8160530759713,128.763072091114
47934217,35.8324453027471,128.745888619883
47934174,35.8382278221322,128.757877784884
47933647,35.8352108505406,128.732792562365
47933393,35.8405315896811,128.754089246444
47932630,35.8442644772357,128.750853512402
47932489,35.84308389377051,128.7639511735884
47932272,35.8430837825354,128.763952609876
47931331,35.8381340814356,128.766174085256
47929703,35.8388823282042,128.754016849471
47928965,35.8388823282042,128.754016849471
47928941,35.8393039567623,128.752924536221
47928902,35.84473063408803,128.75709915740967
47928784,35.8404827915643,128.753184990027
47928747,35.8406172765709,128.753626980724
47928745,35.8407644449356,128.756654522964
47928719,35.838725063147,128.753598381379
47928579,35.8323153741313,128.708146527995
47928454,35.8175755764869,128.759078078945
47928287,35.8432223277009,128.754651964021
47928254,35.8212772994092,128.752214219578
47928193,35.8380704794718,128.756572093403
47928180,35.8445874850553,128.751567502792
47928174,35.8398638423636,128.75126740603
47927839,35.8414392637129,128.762618341819
47927826,35.8386709827854,128.757465920057
47927687,35.8377213457097,128.757911649358
47927544,35.840482791565,128.753184990027
47927467,35.8389804903939,128.751216554929
47927447,35.8215002216791,128.75540124409
47927444,35.8215002216791,128.75540124409
47927439,35.8215002216791,128.75540124409
47927422,35.8222623889361,128.755895020969
47927417,35.8222623889361,128.755895020969
47927416,35.8222623889361,128.755895020969
47927407,35.8202504558958,128.756516987891
47927404,35.8202504558958,128.756516987891
47927401,35.8202504558958,128.756516987891
47927390,35.8215678379678,128.755244844025
47927388,35.8215678379678,128.755244844025
47927387,35.8215678379678,128.755244844025
47927381,35.8215678379678,128.755244844025
47927373,35.8210304603124,128.755864120309
47927372,35.8210304603124,128.755864120309
47927368,35.8396585497473,128.756435134109
47927361,35.8206883606528,128.756630863438
47927359,35.8206883606528,128.756630863438
47927357,35.8206883606528,128.756630863438
47927354,35.8206883606528,128.756630863438
47927350,35.8215617430773,128.757277242412
47927342,35.8215617430773,128.757277242412
47927340,35.8215617430773,128.757277242412
47927331,35.8211290753466,128.755639916012
47927326,35.8206483628293,128.755563274142
47927324,35.8206483628293,128.755563274142
47927322,35.8206483628293,128.755563274142
47927315,35.8200187284765,128.756359970055
47927314,35.8200187284765,128.756359970055
47927312,35.8215617430766,128.757277242413
47927310,35.8200187284765,128.756359970055
47927305,35.8215002216791,128.75540124409
47927296,35.8215678379671,128.755244844025
47927291,35.8233251312041,128.754417512895
47927288,35.8233251312041,128.754417512895
47927282,35.8233251312041,128.754417512895
47927277,35.8222623889361,128.755895020969
47927270,35.8216829867977,128.757699478556
47927259,35.8210304603124,128.755864120309
47927255,35.8206883606521,128.756630863439
47927250,35.8215617430773,128.757277242412
47927246,35.8206483628293,128.755563274142
47927236,35.8200187284765,128.756359970055
47927227,35.8233248697366,128.754404561486
47927222,35.82112807638053,128.7556404472357
47927211,35.8220893156447,128.756651117044
47927208,35.8236163187539,128.75383494861
47927205,35.8210304603124,128.755864120309
47927203,35.82024300647532,128.7565149428241
47927198,35.8216829867977,128.757699478556
47927136,35.83862215248308,128.75430837434982
47927029,35.8397815652299,128.7522565321
47926690,35.8394972694711,128.756193307235
47926684,35.841308593750014,128.75582885742233
47926661,35.84035080031026,128.75515212652513
47926658,35.83932495117189,128.75253295898483
47926655,35.8394972694718,128.756193307234
47926646,35.83908753303081,128.75477457810248
47926642,35.841507849885105,128.7583561188615
47926640,35.8401738381707,128.756716863726
47926637,35.839650927618,128.75642024702
47926627,35.838730296104,128.755171531912
47926620,35.8391053339625,128.754777404951
47926619,35.8397815652292,128.7522565321
47926538,35.8226851105199,128.757263283958
47926532,35.8226851105199,128.757263283958
47926529,35.8226851105199,128.757263283958
47926384,35.8212893435649,128.756228640919
47926344,35.8212893435649,128.756228640919
47926292,35.8217859014161,128.757655941286
47926289,35.8217859014161,128.757655941286
47926274,35.8217859014161,128.757655941286
47926264,35.8217859014161,128.757655941286
47926255,35.8217859014161,128.757655941286
47926242,35.8217859014161,128.757655941286
47926229,35.8261563251768,128.735757294513
47926206,35.8145573028903,128.753895858032
47926199,35.8217859014161,128.757655941286
47926185,35.8217859014161,128.757655941286
47926088,35.82107541791,128.755414459848
47926026,35.8220226163625,128.757742927794
47926024,35.8220226163625,128.757742927794
47926023,35.8220226163625,128.757742927794
47926019,35.8215617430766,128.757277242413
47925466,35.8388113370622,128.754342753277
47925452,35.8399191547018,128.75240564293
47925441,35.8399191547018,128.75240564293
47925429,35.8396372080349,128.75314579383
47925332,35.8382692602157,128.75026854551
47925137,35.8209350246449,128.756986596002
47925131,35.8212893435649,128.756228640919
47925119,35.8212893435649,128.756228640919
47925073,35.8412567991202,128.764698356347
47924931,35.83736659372098,128.7514255364471
47924861,35.8429280801082,128.755610114606
47924805,35.8212893435649,128.756228640919
47924758,35.8212893435649,128.756228640919
47924736,35.8212893435649,128.756228640919
47924688,35.8234871028861,128.753871606094
47924684,35.8234871028861,128.753871606094
47924550,35.8212893435649,128.756228640919
47924252,35.842727222319,128.754555173491
47923741,35.8383906317526,128.764628660042
47923678,35.8295797419104,128.739537499822
47923672,35.826258389293,128.727637283352
47923605,35.8152659054432,128.72782200727
47923565,35.8097727727184,128.759394575472
47923561,35.8146785529927,128.753589965468
47922958,35.836833084903,128.751867313671
47922883,35.837686182582,128.75208339349
47922199,35.8372434676927,128.752385623607
47921324,35.838167907989295,128.75085440468092
47921286,35.8400589135422,128.756077977503
47921236,35.8217877144126,128.757655206755
47921082,35.8217132856433,128.758129225336
47919458,35.840482791565,128.753184990027
47919398,35.8416575081029,128.751534717912
47919245,35.8428437694685,128.754380220341
47918916,35.8388276039833,128.754715952571
47917873,35.8398100288197,128.762434433632
47917627,35.8378354646324,128.758334037256
47917513,35.843480016794935,128.74745172266725
47917478,35.838226349924,128.75064697051
47915928,35.8391617112148,128.752736367882
47915852,35.8394751077968,128.752725003588
47915694,35.8389809379276,128.754144629484
47915618,35.8386689234398,128.758481141697
47915576,35.8394776528494,128.753581859678
47915450,35.8373442163169,128.75145846562
47915403,35.8385084277393,128.754524549135
47914556,35.8388276039833,128.754715952571
47914510,35.8387171285435,128.75527715104
47914396,35.8412074083334,128.752399014115
47914276,35.8411683218776,128.752002061001
47914239,35.8242038431006,128.73590121272
47913748,35.8399592628338,128.753424133811
47913262,35.8405656533684,128.756210997979
47911102,35.8435981662031,128.74944458189
47910264,35.8212824087436,128.756228377476
47909470,35.8432845895802,128.750254028479
47909280,35.8434848130169,128.749400699576
47908087,35.84066010522546,128.75519878373206
47907643,35.8214473669905,128.75585482681
47907630,35.8214473669905,128.75585482681
47907613,35.8214473669905,128.75585482681
47907360,35.8394036377066,128.759574723052
47905961,35.8406102004132,128.765517046792
47905945,35.8220003120346,128.756747850547
47905934,35.8220032884988,128.756741498756
47905930,35.8220032884988,128.756741498756
47905922,35.8220032884988,128.756741498756
47905916,35.8220032884988,128.756741498756
47905905,35.8220032884988,128.756741498756
47905900,35.8220032884988,128.756741498756
47905896,35.8220032884988,128.756741498756
47905892,35.8220032884988,128.756741498756
47905885,35.8224607526897,128.756312540823
47905877,35.8224607526897,128.756312540823
47905560,35.8192741435723,128.748901406687
47905483,35.8457696130084,128.759199834914
47905377,35.840091324207,128.759578183537
47904768,35.8173771794116,128.755551199092
47904221,35.8173771794116,128.755551199092
47904003,35.8173771794116,128.755551199092
47903933,35.8173771794116,128.755551199092
47903829,35.8173771794116,128.755551199092
47903267,35.8430521238295,128.751043891861
47903150,35.8216829867977,128.757699478556
47903059,35.8410914635926,128.752310471508
47903026,35.8414502710287,128.750871773602
47902911,35.8441644711397,128.751779439735
47902859,35.8209179957395,128.755500503311
47902730,35.8441644711397,128.751779439735
47902679,35.831214370779,128.747506021287
47902672,35.838713082922176,128.75153482277014
47902663,35.8313621998425,128.747577318116
47902653,35.8393880693448,128.752823133119
47902644,35.8376689792033,128.751372092862
47902638,35.8383798984346,128.754983091078
47902185,35.8390930943176,128.764834682173
47902085,35.8216305867655,128.755797898009
47901089,35.8216305867655,128.755797898009
47901086,35.8216305867655,128.755797898009
47900996,35.8216305867655,128.755797898009
47900990,35.8216305867655,128.755797898009
47900989,35.8216305867655,128.755797898009
47900755,35.839797029903,128.752944572847
47900751,35.8399842780487,128.752821423436
47900713,35.8391162251672,128.751771111457
47900670,35.8396355519947,128.750626812708
47900623,35.8393226755748,128.753160894204
47900593,35.8393226755748,128.753160894204
47900558,35.8392456786841,128.752638724298
47900538,35.831872838068,128.748223587929
47900524,35.8400068316197,128.756577056597
47900416,35.8224607526897,128.756312540823
47900289,35.8217859014161,128.757655941286
47900284,35.8217859014161,128.757655941286
47900279,35.8217859014161,128.757655941286
47900046,35.8406539372605,128.756508656574
47898888,35.840366392,128.754282048211
47898676,35.8396585497473,128.756435134109
47898397,35.8407644449356,128.756654522964
47898221,35.8402548986317,128.754444159126
47895604,35.8396585497466,128.756435134109
47895542,35.8396585497466,128.756435134109
47894126,35.838846448385,128.751281447661
47893885,35.842205425566,128.751155317314
47893672,35.8405656533684,128.756210997979
47892809,35.82959027129198,128.76286012124353
47892746,35.8210894960107,128.755425391668
47892428,35.8209350246449,128.756986596002
47892161,35.8226990668376,128.757023711806
47892032,35.8217877144119,128.757655206755
47891886,35.8226990668376,128.757023711806
47891859,35.8408836406352,128.756742368458
47891448,35.8388555696721,128.765496304927
47891181,35.8407451933486,128.765130367788
47890894,35.8388113370622,128.754342753277
47890892,35.8429280801075,128.755610114606
47890655,35.8201267977376,128.756235002186
47890582,35.8201267977376,128.756235002186
47890464,35.8201267977376,128.756235002186
47890450,35.8201267977376,128.756235002186
47890080,35.8376934184071,128.75887161836
47889875,35.8407644449349,128.756654522964
47887399,35.8389574108093,128.765679283227
47887387,35.84308389377051,128.7639511735884
47887378,35.84125625378107,128.76469867628782
47887354,35.8383906317526,128.764628660042
47887329,35.8386476187496,128.765745788908
47887319,35.8425863621595,128.758937612332
47887264,35.8391236696599,128.76589987863
47887260,35.84115378863239,128.76308503311344
47887249,35.8427665794487,128.764014533974
47887179,35.8220226163625,128.757742927794
47887157,35.8220032884988,128.756741498756
47886973,35.8392882215571,128.756432833482
47886717,35.8233721263762,128.754297057324
47886714,35.8233721263762,128.754297057324
47886712,35.8233721263762,128.754297057324
47886677,35.8217132856433,128.758129225336
47886675,35.8217132856433,128.758129225336
47886414,35.8398698692771,128.752121022971
47886412,35.8404779001747,128.756894002318
47886411,35.8435113091969,128.752584508444
47886410,35.8398100288197,128.762434433632
47885945,35.8385750023738,128.754032105073
47885905,35.8390630602211,128.75159796334
47885624,35.8219436219796,128.755694149075
47885580,35.8250387132259,128.728771113711
47885388,35.8407973513946,128.755593140382
47885361,35.8384899302111,128.754131271393
47885247,35.8417424315828,128.753422440646
47885233,35.8201267977376,128.756235002186
47884962,35.8408652469186,128.756533569361
47884413,35.8217877144126,128.757655206755
47881278,35.8389809379283,128.754144629484
47876689,35.8201267977376,128.756235002186
47876672,35.8201267977376,128.756235002186
47876652,35.8395670517369,128.756542236264
47876454,35.8220032884981,128.756741498756
47876373,35.8201267977376,128.756235002186
47875933,35.8400172864544,128.755979006324
47875708,35.8381763534472,128.750849942273
47875684,35.8306016266432,128.704572286439
47875522,35.8382692602157,128.75026854551
47875515,35.8394776528494,128.753581859678
47875314,35.8409511039164,128.753030730161
47875073,35.8378143531176,128.751506539883
47873214,35.8388961375337,128.754243691486
47873009,35.83850842774,128.754524549134
47872738,35.83850842774,128.754524549134
47871899,35.8395343623326,128.765908651596
47871898,35.8395372918298,128.756383544499
47871897,35.8378043541194,128.756604515646
47871896,35.8220226163625,128.757742927794
47871894,35.8160246206736,128.762855721019
47871893,35.8420078283411,128.763173994054
47871892,35.8396388223515,128.765619133128
47871891,35.839021962087,128.765082331021
47871890,35.8162108958394,128.762971582977
47871888,35.8438786543174,128.751839890041
47871887,35.842516156933,128.754451803174
47871886,35.8401811289406,128.764078677689
47871885,35.8378354646324,128.758334037256
47871884,35.8397517838038,128.762295361595
47871882,35.8401738381707,128.756716863726
47871880,35.8398574463641,128.75104470873
47871879,35.8429280801082,128.755610114606
47871877,35.8403675197964,128.755161127221
47871876,35.8399846055701,128.76423745217
47871873,35.8393894880839,128.752824713704
47871872,35.8396288417772,128.752137965634
47871871,35.8394776528487,128.753581859678
47871870,35.838730296104,128.755171531912
47871869,35.8387293223314,128.751811628699
47871868,35.8385084277393,128.754524549135
47871867,35.8398171458534,128.756219505729
47871866,35.8381763534465,128.750849942273
47871865,35.8379810484756,128.753082894221
47871864,35.8401294702457,128.752455534076
47871862,35.8379810484756,128.753082894221
47871861,35.840881748899,128.753960832477
47871860,35.838369958887,128.757900399051
47871857,35.8378143531176,128.751506539883
47871855,35.8387027855734,128.759251916516
47871854,35.8402099732176,128.754071096743
47871853,35.8395527876085,128.756802879509
47871852,35.8393289124989,128.752541949718
47871851,35.8395802688629,128.752860895366
47871850,35.8178090422731,128.750668475567
47871849,35.8392954893512,128.758806395796
47871848,35.840345544790175,128.755758483703
47871847,35.8402433794735,128.756656975568
47871843,35.8382375042062,128.75924175123
47871842,35.8417682362312,128.76264476839
47871841,35.8396628321723,128.752390043449
47871840,35.8389804903932,128.751216554929
47871535,35.8420465808883,128.751240252321
47871426,35.8378143531176,128.751506539883
47871301,35.8411683218776,128.752002061001
47871263,35.8396628321716,128.752390043449
47870661,35.8432557357854,128.756503506343
47870625,35.8413554331719,128.757742842764
47870408,35.8471093907278,128.761107111628
47869252,35.8380630256867,128.752602853676
47869220,35.8210255430579,128.755571581503
47869195,35.8210255430579,128.755571581503
47869182,35.8210255430579,128.755571581503
47869170,35.8210255430579,128.755571581503
47869159,35.8210255430579,128.755571581503
47869057,35.8389671284182,128.753917787236
47868988,35.8383520873484,128.759472146022
47868900,35.8222485444037,128.757630958432
47868890,35.8222485444037,128.757630958432
47868878,35.8222485444037,128.757630958432
47868213,35.8376934184071,128.75887161836
47868109,35.838827603984,128.754715952571
47868071,35.8398574463648,128.751044708729
47867699,35.8388317018315,128.75313902133
47866392,35.8382044997829,128.754782238973
47866190,35.8214000029158,128.75563039337
47866126,35.8381491845988,128.751502171386
47865757,35.8222485444037,128.757630958432
47865726,35.8201267977376,128.756235002186
47864205,35.8427170069011,128.76340760983
47863389,35.8386203543511,128.760216336297
47863263,35.8373442163176,128.751458465619
47863143,35.8395600746942,128.753491376098
47862827,35.8404779001747,128.756894002318
47862549,35.83224825806092,128.70379139630006
47862534,35.8386841149951,128.758797655206
47862508,35.8417629562215,128.706863553986
47862411,35.8405315896811,128.754089246444
47862377,35.8415911031144,128.762464769387
47861837,35.8308775408184,128.704420722583
47861794,35.8233248697358,128.754404561486
47861668,35.8211290753466,128.755639916012
47861663,35.8380116282748,128.759503912719
47861642,35.8220032884981,128.756741498756
47861608,35.8399533021898,128.75974224565
47861149,35.84053039550781,128.7540893554692
47860889,35.8428497159164,128.748700239429
47860852,35.8387302961033,128.755171531912
47859519,35.8434848130162,128.749400699576
47858974,35.8262583892936,128.727637283352
47858920,35.8387302961033,128.755171531912
47858851,35.8391162251665,128.751771111458
47858812,35.8405402920606,128.753542504211
47858734,35.8240574871313,128.722620917128
47858661,35.8405402920606,128.753542504211
47858202,35.8390630602204,128.751597963341
47858081,35.8405526099436,128.756382028358
47857782,35.8388964447691,128.755135795031
47856819,35.8262583892936,128.727637283352
47856778,35.8240574871307,128.722620917129
47856645,35.8385106210099,128.750408088883
47856607,35.839773079662,128.75225756280307
47855766,35.8427539635379,128.763762915154
47854935,35.8408197089065,128.755382805088
47853904,35.8298722695955,128.734312179181
47853839,35.8399538443085,128.759742146958
47853817,35.8221927940477,128.71778523219
47853805,35.8380296664486,128.764792639946
47853731,35.8156833377454,128.762839102333
47853718,35.8382614751282,128.765280616524
47852944,35.8022923027089,128.736575973657
47852844,35.8180857155684,128.729119522823
47852810,35.8144905027918,128.728547452002
47852663,35.8270661649276,128.735010624171
47852656,35.8211244472645,128.733539391379
47852634,35.8309418375778,128.730773722973
47852550,35.832671116626,128.728068245832
47851240,35.8396585497466,128.756435134109
47849635,35.8382692602157,128.75026854551
47849104,35.8435669086161,128.756940008501
47849032,35.8389536453154,128.757300952725
47848546,35.8212772994092,128.752214219578
47844896,35.8387129077117,128.754214977277
47844885,35.8396757827124,128.751891320114
47842791,35.8391409857947,128.752495428901
47842675,35.8399842780487,128.752821423436
47838925,35.821190875764,128.755196932426
47838920,35.8217132856426,128.758129225337
47838915,35.8217299223371,128.757866701383
47838913,35.8217132856433,128.758129225336
47838674,35.84105300903321,128.75256347656295
47838541,35.8233248697358,128.754404561486
47838540,35.8233248697358,128.754404561486
47838538,35.8233248697358,128.754404561486
47838537,35.8233248697358,128.754404561486
47838530,35.8233248697358,128.754404561486
47838516,35.8233248697358,128.754404561486
47838512,35.8233248697358,128.754404561486
47838508,35.8233248697358,128.754404561486
47838456,35.8212824087443,128.756228377476
47838447,35.8208633302511,128.755942314591
47838445,35.8208633302511,128.755942314591
47838439,35.8208633302511,128.755942314591
47838396,35.8224885863748,128.757977150293
47838263,35.8212772994092,128.752214219578
47838067,35.8138412585897,128.731081496076
47837698,35.8387776461771,128.757172236405
47836993,35.8288403300369,128.73959605005
47836975,35.8295790798413,128.739278219337
47836727,35.8387027855734,128.759251916516
47836571,35.8208633302518,128.755942314591
47836496,35.8212824087443,128.756228377476
47836493,35.8210255430579,128.755571581503
47836065,35.841051866606925,128.75256016017178
47835953,35.8217379875126,128.755558284622
47835562,35.8308130252135,128.731108098218
47835230,35.843329693224355,128.7525748674593
47835220,35.8414280219728,128.751446114039
47835147,35.8398698692778,128.752121022971
47835141,35.8379467530967,128.759386611555
47835135,35.8430564188446,128.75104597843594
47835066,35.84095127120123,128.7530316192216
47834884,35.8397707966362,128.751369721666
47834869,35.8396364764127,128.755997171813
47834481,35.83881818767316,128.75470667036274
47834175,35.8425554903905,128.759378184807
47834174,35.8405656533677,128.75621099798
47834171,35.8436385818848,128.749286761807
47834169,35.8399392915937,128.754434108685
47834167,35.8434321101939,128.75864529571
47834164,35.8388113370615,128.754342753278
47834155,35.839548947749726,128.75106625821826
47834153,35.831214370779,128.747506021287
47834152,35.8392444310931,128.751710960439
47834148,35.84160064025439,128.75175768894664
47834146,35.8379810484756,128.753082894221
47834145,35.837971403456,128.758915493752
47834137,35.8401419079707,128.759453026634
47834135,35.8398932242561,128.75094556051
47834130,35.83841908447624,128.75833662789205
47834127,35.8394924999828,128.75295967281986
47834125,35.8394592642334,128.752137002163
47834123,35.84012811592762,128.75583780006556
47834121,35.8400713261697,128.759110051194
47834118,35.8388891117902,128.75218101222
47834116,35.8394776528487,128.753581859678
47834112,35.8399179068708,128.753084131462
47834110,35.8384280556348,128.757236901207
47834107,35.8429280801075,128.755610114606
47834104,35.8384280556348,128.757236901207
47834101,35.84126662566593,128.75759822733897
47834100,35.8435549918902,128.753203588282
47834099,35.838725063147,128.753598381379
47834098,35.8388823282042,128.754016849471
47834095,35.8411681643322,128.7520005081445
47834091,35.8380471062342,128.765120600279
47834088,35.8410516495897,128.758224198577
47834085,35.8397815652292,128.7522565321
47834082,35.8401817579736,128.757037981394
47834079,35.839574379552445,128.75228860583343
47834076,35.8392456786841,128.752638724298
47834075,35.8394085706487,128.75306085859
47834072,35.83857217303779,128.7540283907432
47834067,35.84033082941843,128.75454521351983
47834066,35.8411130244437,128.753241470739
47834060,35.83908753303081,128.75477457810248
47834056,35.839797029903,128.752944572847
47834052,35.8387121160599,128.752515652388
47834051,35.8431742483161,128.755358555563
47834048,35.8425632535581,128.753392368451
47834044,35.8381154476721,128.754728152999
47834039,35.8394776528494,128.753581859678
47834035,35.8406028435541,128.753992208087
47834029,35.843278166185975,128.75067013383864
47834026,35.8384055518426,128.765281485417
47834024,35.8425937033111,128.763342128028
47834015,35.8399846055701,128.76423745217
47833751,35.8212824087436,128.756228377476
47833746,35.8212824087436,128.756228377476
47831943,35.8251902087206,128.729352433852
47831529,35.8404342764239,128.752847705422
47829334,35.8401962786308,128.752786690187
47828375,35.8393569350488,128.766441682465
47828368,35.83116801224,128.74772565588
47828353,35.8173600907947,128.758193196757
47828259,35.8212326976741,128.755708252686
47828246,35.8212326976741,128.755708252686
47828227,35.8212326976741,128.755708252686
47827850,35.8407397198678,128.755689039062
47827677,35.8409805199581,128.753836842393
47827645,35.8398100288197,128.762434433632
47827583,35.8397970299037,128.752944572847
47826603,35.8212824087436,128.756228377476
47826228,35.8212326976741,128.755708252686
47825744,35.8396757827131,128.751891320114
47825010,35.816529233864,128.761105316659
47822952,35.8382375042062,128.75924175123
47820645,35.8308998462076,128.747458622594
47820483,35.8325397127704,128.745785119436
47819526,35.8378024582002,128.754433967554
47818673,35.8392882215578,128.756432833482
47818097,35.8398574463648,128.751044708729
47817311,35.8325397127704,128.745785119436
47816421,35.8388317018308,128.75313902133
47816351,35.8173600907954,128.758193196756
47816318,35.8396223612985,128.757048882309
47816132,35.8336796787994,128.743877290366
47815778,35.8173600907947,128.758193196757
47815701,35.8244812532493,128.739711572658
47815498,35.8389367685516,128.759100710027
47810502,35.8309008541,128.708990291052
47810270,35.8398574463648,128.751044708729
47810225,35.8408589934826,128.753735669256
47809530,35.8381181814194,128.752892687269
47809519,35.8373442163176,128.751458465619
47807576,35.8321202082554,128.703791313923
47806556,35.838989834665,128.752936215772
47806386,35.8306797277263,128.705120385185
47806246,35.8386598910617,128.753933155839
47804355,35.8395670517369,128.756542236264
47804081,35.8388280970632,128.760121768393
47803416,35.8302819577524,128.705165541968
47803400,35.8302558121753,128.706042493636
47799819,35.8410480446987,128.75739895464
47799389,35.8378024582009,128.754433967554
47798997,35.83897703938851,128.75123075529615
47798965,35.84095127120123,128.7530316192216
47798955,35.8417980588533,128.753525483805
47798901,35.8395670517361,128.756542236264
47798897,35.8393915726948,128.753676025275
47798883,35.8390759800663,128.753461241684
47798879,35.8430808054287,128.747248176902
47797483,35.8209350246449,128.756986596002
47796749,35.8418076399948,128.753523481299
47796544,35.823190757478,128.754708653194
47796541,35.823190757478,128.754708653194
47796539,35.823190757478,128.754708653194
47796538,35.823190757478,128.754708653194
47796534,35.823190757478,128.754708653194
47796527,35.823190757478,128.754708653194
47795008,35.8428497159164,128.748700239429
47793978,35.8071214688538,128.753216246926
47793212,35.8387121922086,128.751521744344
47793072,35.8395600746942,128.753491376098
47792921,35.8383520873484,128.759472146022
47792776,35.8153801847056,128.75458297417
47792701,35.8381763534472,128.750849942273
47792461,35.8406623834553,128.755215545202
47792421,35.8393289124996,128.752541949718
47792378,35.8386689234406,128.758481141697
47792346,35.8417424315828,128.753422440646
47792324,35.8401373164019,128.755849512546
47792277,35.8396364764127,128.755997171813
47792226,35.8448068186837,128.757410621619
47792113,35.8436231184185,128.748863422573
47791981,35.8449313719771,128.757390902865
47790999,35.8393289124996,128.752541949718
47789864,35.8212893435649,128.756228640919
47789855,35.8224885863748,128.757977150293
47789417,35.842186310850295,128.7499068387001
47788480,35.8430215111795,128.755500172089
47788198,35.8212824087443,128.756228377476
47787929,35.8212893435649,128.756228640919
47787120,35.8428263094505,128.758095704825
47787074,35.8436231184185,128.748863422573
47786690,35.8394183312754,128.764158287098
47786541,35.8406849670364,128.757098108991
47786509,35.8425321797142,128.753533346217
47786270,35.8383520873484,128.759472146022
47784341,35.8396223612985,128.757048882309
47780244,35.8408197089072,128.755382805088
47777156,35.8387364479259,128.751545407325
47777093,35.8212824087443,128.756228377476
47777085,35.8212824087443,128.756228377476
47776912,35.8389804903939,128.751216554929
47776842,35.8390799865801,128.766296873376
47776780,35.8404779001754,128.756894002318
47776585,35.8395735526315,128.752289694324
47776571,35.8396658918377,128.752760963793
47776537,35.8404779001754,128.756894002318
47776493,35.841625403102,128.758512990787
47776444,35.8393039567616,128.752924536222
47776425,35.8396757827131,128.751891320114
47776410,35.8428592104078,128.758335154264
47775779,35.8396364764127,128.755997171813
47775605,35.8399179068708,128.753084131462
47775450,35.8378024582002,128.754433967554
47774751,35.8208633302518,128.755942314591
47774288,35.8293214585443,128.739881199876
47774231,35.8389684806623,128.75269515277
47774108,35.8412605469108,128.757594883716
47773878,35.8399179068708,128.753084131462
47773407,35.8393226755748,128.753160894204
47773339,35.8407867376246,128.755141590639
47773179,35.83902076655612,128.75193999493786
47773099,35.8406028435541,128.753992208087
47772990,35.8388823282042,128.754016849471
47771884,35.8385750023731,128.754032105073
47771844,35.8208147397051,128.755184998559
47771702,35.8208147397051,128.755184998559
47771533,35.8208147397051,128.755184998559
47771126,35.8208147397051,128.755184998559
47771058,35.8387143682521,128.751533191002
47769157,35.8230278037711,128.755080930718
47769143,35.8230278037711,128.755080930718
47769123,35.8230278037711,128.755080930718
47768676,35.8307521424169,128.747453059479
47767761,35.8405656533684,128.756210997979
47767626,35.8409511039156,128.753030730161
47767541,35.8422054255653,128.751155317314
47767379,35.8396364764134,128.755997171813
47766945,35.8308998462076,128.747458622594
47766258,35.83850842774,128.754524549134
47766211,35.8391852508878,128.758433000592
47766101,35.8376689792033,128.751372092862
47764812,35.8379011490158,128.765278386044
47764801,35.8390834877691,128.759979448065
47763711,35.8395600746942,128.753491376098
47763623,35.8408817488998,128.753960832477
47763502,35.8402857670629,128.753193823108
47758696,35.83914658974855,128.7539392244491
47758108,35.8386598910617,128.753933155839
47758024,35.8409524353182,128.756665752015
47756795,35.8388317018315,128.75313902133
47756759,35.8208147397044,128.755184998559
47756667,35.8230278037711,128.755080930718
47752991,35.8398100288197,128.762434433632
47752938,35.8379011490158,128.765278386044
47752931,35.8383084411914,128.758945069379
47752929,35.8308998462076,128.747458622594
47752923,35.8325397127704,128.745785119436
47752911,35.8378716545081,128.752563893814
47752540,35.8401097306666,128.756300327019
47752539,35.8194666384794,128.736840731336
47752526,35.8152282650315,128.761548879793
47752462,35.8308998462069,128.747458622594
47752197,35.8395372918298,128.756383544499
47751886,35.8397815652299,128.7522565321
47751474,35.8430124816927,128.754958666691
47750988,35.8386203543511,128.760216336297
47750881,35.8395670517369,128.756542236264
47750534,35.8411683218783,128.752002061
47750516,35.8153801847063,128.75458297417
47749810,35.8418565810814,128.750346600252
47749602,35.8234871028861,128.753871606094
47749599,35.8234871028861,128.753871606094
47748812,35.8280677151368,128.737490156119
47748752,35.8325397127697,128.745785119437
47748745,35.828833901731,128.739822198253
47748726,35.8149696639782,128.755685157312
47748712,35.8210304603124,128.755864120309
47748709,35.8210304603124,128.755864120309
47748697,35.8210304603124,128.755864120309
47748676,35.8203416977442,128.732879090393
47748656,35.8217877144126,128.757655206755
47748630,35.815826834409,128.763923521216
47747818,35.8389804903932,128.751216554929
47747401,35.8385243350281,128.757628464729
47747374,35.8388113370622,128.754342753277
47746505,35.8398192414954,128.755083308001
47743061,35.8415058375031,128.752925627447
47742467,35.8392882215578,128.756432833482
47742052,35.839138815754886,128.75249593451022
47741934,35.8385858757984,128.755058456559
47741781,35.8243794568835,128.723645511913
47741252,35.8158668008986,128.762956229171
47741138,35.8158268344098,128.763923521215
47741125,35.8158268344098,128.763923521215
47741073,35.8158268344098,128.763923521215
47741053,35.8158268344098,128.763923521215
47741026,35.8372289660543,128.751736359274
47741004,35.8409388484148,128.755745886485
47740784,35.826012000758,128.728327935789
47739656,35.8385750023731,128.754032105073
47739507,35.84416333999101,128.69625463138928
47737313,35.8435975057204,128.752976423364
47737232,35.8440733879429,128.752124071925
47736702,35.8432956103835,128.752718326191
47736553,35.8406769754407,128.752598835704
47736345,35.8392217870554,128.759495008596
47732095,35.8211290753466,128.755639916012
47729723,35.8305119648581,128.730394458983
47728600,35.8209350246449,128.756986596002
47728587,35.8217877144126,128.757655206755
47728286,35.8390759800663,128.753461241684
47727812,35.8379224373469,128.754239954949
47727722,35.8388113370622,128.754342753277
47727361,35.8314500261897,128.748694455965
47724949,35.8395157336913,128.760639068462
47724940,35.8393274548845,128.750769223076
47722086,35.838827603984,128.754715952571
47719055,35.8164702840775,128.762618412947
47718679,35.8408817488998,128.753960832477
47717058,35.8378716545081,128.752563893814
47716657,35.8169309303019,128.72776526796
47715673,35.8394776528494,128.753581859678
47715668,35.8396757827131,128.751891320114
47715373,35.8149696639782,128.755685157312
47715085,35.8149696639775,128.755685157312
47713697,35.840982468128,128.755831843447
47713675,35.8410557143652,128.755610898279
47713659,35.8409388484141,128.755745886485
47713640,35.8388993179307,128.758925912597
47713635,35.8408589934826,128.753735669256
47713626,35.838657159848,128.75392889032
47713593,35.8395527876078,128.756802879509
47713570,35.8386709827854,128.757465920057
47713549,35.8395670517369,128.756542236264
47713495,35.8378143531169,128.751506539883
47712746,35.8395802688636,128.752860895366
47711348,35.8400713261704,128.759110051194
47711271,35.8399098694701,128.754437223397
47709109,35.8394776528494,128.753581859678
47708946,35.8408589934826,128.753735669256
47707969,35.8382044997829,128.754782238973
47707837,35.8402135342987,128.75631921638
47707343,35.8392882215578,128.756432833482
47707306,35.8392882215578,128.756432833482
47706321,35.8405656533684,128.756210997979
47706310,35.840091324207,128.759578183537
47706191,35.837721345709,128.757911649358
47705931,35.8174412187687,128.75808667108
47705819,35.8386598910617,128.753933155839
47705731,35.8394972694718,128.756193307234
47705661,35.8428497159164,128.748700239429
47705330,35.8413709870081,128.751668195445
47705253,35.8428497159164,128.748700239429
47704739,35.8392882215578,128.756432833482
47703562,35.8225547050177,128.75613613992
47702892,35.8398192414954,128.755083308001
47701405,35.8408652469186,128.756533569361
47699938,35.814678552992,128.753589965468
47699868,35.8405656533684,128.756210997979
47699794,35.8215002216798,128.75540124409
47699791,35.8215002216798,128.75540124409
47699774,35.8215002216798,128.75540124409
47698447,35.8425321797142,128.753533346217
47697655,35.8389685278027,128.758550172723
47696113,35.8387264464304,128.754441812874
47696037,35.8404514769857,128.753410400474
47695896,35.8399191547025,128.75240564293
47692571,35.8324896973947,128.745983763936
47692559,35.8309654695208,128.748281028699
47692533,35.8229785279371,128.717669168947
47692089,35.8157310300643,128.738316109172
47690943,35.8010841681901,128.73731712558
47690687,35.8409622597752,128.752445193237
47690236,35.8434670490915,128.752937582653
47690125,35.840096880667,128.751044328208
47689982,35.8396628321723,128.752390043449
47689573,35.8443373695665,128.759925771967
47689562,35.8415726717686,128.757627336635
47689554,35.8382637992626,128.764932287759
47689526,35.8430837825354,128.763952609876
47689466,35.839260004356,128.764219632285
47689448,35.8427170069011,128.76340760983
47689418,35.8382768694627,128.764705045588
47688985,35.8372434676934,128.752385623606
47687718,35.8373442163176,128.751458465619
47687673,35.8272652799756,128.734638519651
47687629,35.8233248697358,128.754404561486
47687565,35.8233248697358,128.754404561486
47687532,35.8233248697358,128.754404561486
47686850,35.8162108958394,128.762971582977
47685804,35.8381154476728,128.754728152999
47685801,35.8409524353182,128.756665752015
47685797,35.8369375397417,128.752292685289
47685795,35.8408197089072,128.755382805088
47685792,35.843841766551,128.757555006382
47685790,35.8390467236721,128.753224541774
47685433,35.8390467236721,128.753224541774
47685420,35.840129470245,128.752455534077
47685412,35.8410454705292,128.755633581429
47685383,35.8392551954616,128.753653877076
47685217,35.8165066034343,128.762304785647
47685063,35.824379456883,128.723645511913
47684314,35.8382278221322,128.757877784884
47683422,35.8394776528494,128.753581859678
47683082,35.8408817488998,128.753960832477
47682531,35.8384558973505,128.75450568527
47682520,35.83850842774,128.754524549134
47682497,35.8378143531169,128.751506539883
47682248,35.8405656533677,128.75621099798
47681535,35.8399077379254,128.76191036205
47681435,35.8388113370615,128.754342753278
47681211,35.8233251312041,128.754417512895
47681174,35.8233251312041,128.754417512895
47681091,35.8233251312041,128.754417512895
47680999,35.8233251312041,128.754417512895
47680947,35.8373416662741,128.751157397615
47680827,35.8233251312041,128.754417512895
47680355,35.8178090422731,128.750668475567
47680315,35.8385715940321,128.758235413381
47679977,35.8233248697358,128.754404561486
47679908,35.8225734928294,128.757372021792
47679661,35.8233251312041,128.754417512895
47679528,35.8233251312041,128.754417512895
47678964,35.8380704794718,128.756572093403
47677388,35.8382375042062,128.75924175123
47677268,35.8392954893512,128.758806395796
47677141,35.8392954893512,128.758806395796
47676805,35.8388317018315,128.75313902133
47676591,35.8393226755748,128.753160894204
47676426,35.8372289660536,128.751736359274
47675710,35.8228932408803,128.73926641188
47675549,35.8244921905042,128.738557415408
47674452,35.8386709827854,128.757465920057
47670110,35.8218739108939,128.756259003056
47670094,35.8220032884981,128.756741498756
47670093,35.8220032884981,128.756741498756
47670092,35.8220032884981,128.756741498756
47669823,35.8396585497466,128.756435134109
47669787,35.8378143531176,128.751506539883
47669620,35.8280677151368,128.737490156119
47669612,35.8161177582731,128.762913651929
47669609,35.8162160278664,128.762670875616
47669604,35.8161177582731,128.762913651929
47669603,35.8145978135243,128.753793637868
47669602,35.8144905027918,128.728547452002
47669599,35.8022915884211,128.736575515635
47669597,35.8254861053787,128.735411411036
47669587,35.8103468012132,128.759781607781
47669582,35.8097195112824,128.759074792766
47669581,35.8170973997749,128.739655859676
47669580,35.817441218768,128.75808667108
47669578,35.8095330132332,128.759306314942
47669576,35.8097374808418,128.759238475581
47669572,35.8270826116024,128.735519097105
47669570,35.8095663702785,128.759440688794
47669569,35.8102683552967,128.759452527175
47669566,35.8095330132339,128.759306314942
47669564,35.8188561082925,128.754736816928
47669562,35.8188071758624,128.754860320795
47669549,35.8162839168605,128.762502660006
47669544,35.820336121121,128.724371412286
47669531,35.8146505987073,128.755825385599
47669528,35.8157972111757,128.763707014991
47669525,35.8122967655743,128.76104778245
47669519,35.8107642198599,128.758752455538
47669509,35.817238223191,128.75804778584
47669508,35.8215227344658,128.739271248138
47669504,35.8157972111757,128.763707014991
47669500,35.8157972111757,128.763707014991
47669499,35.8098391417157,128.759102101806
47669493,35.8163770562549,128.762560480111
47669490,35.8248582227229,128.738308694449
47669485,35.8157737533948,128.762898300399
47669483,35.8095022830291,128.759171003505
47669481,35.8195556661654,128.740689792531
47669479,35.811082310214,128.760180950181
47669478,35.8152501073161,128.763402060158
47669475,35.8175707158298,128.75907155466322
47669445,35.8161177582731,128.762913651929
47669442,35.8159363427314,128.762497188537
47669440,35.8175755764862,128.759078078945
47669437,35.8162160278664,128.762670875616
47669434,35.8116039123255,128.75964971275
47669428,35.828833901731,128.739822198253
47669425,35.8220901890673,128.7395193049
47669422,35.8170973997743,128.739655859676
47669387,35.8152501073161,128.763402060158
47669315,35.8393226755741,128.753160894204
47669311,35.8391617112148,128.752736367882
47668767,35.8195193217997,128.735096396282
47668584,35.8369375397417,128.752292685289
47667509,35.8419969790893,128.751947577142
47667419,35.8365245478869,128.751798777478
47667191,35.8390834877691,128.759979448065
47666767,35.8402527935126,128.755895883513
47664659,35.8443375,128.75991800000048
47664520,35.8220893156447,128.756651117044
47664466,35.8220893156447,128.756651117044
47664371,35.8220893156447,128.756651117044
47664337,35.8401097306666,128.756300327019
47664334,35.8215617430766,128.757277242413
47664288,35.8215617430766,128.757277242413
47664274,35.8215617430766,128.757277242413
47663833,35.84146636018,128.760352385088
47663065,35.8210666237514,128.725786862302
47661074,35.8363880269208,128.727132741438
47660471,35.8170973997749,128.739655859676
47660449,35.824534521868,128.739611160064
47660434,35.819422215983,128.748206619449
47660410,35.8171935918045,128.748036264625
47660385,35.8163770562557,128.76256048011
47660378,35.8237812671939,128.734418514648
47660358,35.8187300557067,128.738878281432
47660109,35.8449468121047,128.708126553574
47658281,35.8235359248145,128.741263787209
47652640,35.8394277946885,128.761744809388
47652509,35.8409198102764,128.753495524023
47652465,35.8220465284207,128.755762138859
47652462,35.8220465284207,128.755762138859
47652460,35.8220465284207,128.755762138859
47652457,35.8220465284207,128.755762138859
47652453,35.8220465284207,128.755762138859
47652450,35.8220465284207,128.755762138859
47652369,35.8407967273689,128.760924804424
47652320,35.816053075972,128.763072091114
47652316,35.8177414331703,128.757676736951
47652297,35.8175755764862,128.759078078945
47652289,35.8304801615736,128.747355360295
47652285,35.8185379932487,128.756304773897
47652282,35.8288403300369,128.73959605005
47652265,35.8103764792829,128.759219384801
47652260,35.8171348542924,128.75561987948
47652258,35.8122967655743,128.76104778245
47652255,35.8188071758631,128.754860320794
47652247,35.8103764792829,128.759219384801
47652242,35.801381283877,128.737603013946
47652037,35.8174634874388,128.756736488464
47652003,35.8152501073161,128.763402060158
47651938,35.8453066580607,128.7080867909
47651920,35.8307304951512,128.705733851898
47651883,35.8412166665084,128.699829349609
47650557,35.8373416662741,128.751157397615
47645093,35.8393256084919,128.75253988499364
47645078,35.8395787535851,128.752859755329
47645021,35.8394827569568,128.766053811731
47644966,35.840786196475506,128.75717593033517
47644943,35.839391954056,128.75367459498466
47644927,35.839244850212005,128.75263992343514
47644906,35.8400627106993,128.76445985752
47644892,35.840786196475506,128.75717593033517
47644844,35.8413136850578,128.751401765899
47644640,35.8405597781913,128.755774494495
47644329,35.8391617112148,128.752736367882
47643957,35.8393226755748,128.753160894204
47643669,35.8396372080349,128.75314579383
47643488,35.840091324207,128.759578183537
47643405,35.8408042922797,128.756110901091
47643378,35.8473054221807,128.761338119339
47643352,35.8399592628338,128.753424133811
47643348,35.8413709870074,128.751668195445
47643338,35.8393569350488,128.766441682465
47643316,35.8415050540336,128.758356278472
47643296,35.8384686912828,128.757748528632
47643182,35.8395490262588,128.752624371781
47643161,35.8400713261697,128.759110051194
47643149,35.8398712495728,128.75211906128
47642969,35.8388317018315,128.75313902133
47641273,35.8400713261704,128.759110051194
47641262,35.8027599962458,128.737741454492
47641210,35.8164023949149,128.762786628838
47641168,35.8383699588863,128.757900399051
47641133,35.8295790798413,128.739278219337
47641063,35.8427170069011,128.76340760983
47641032,35.8422696486298,128.758855470916
47640933,35.8367321360268,128.73201126381
47640911,35.821274811659,128.728455905188
47640873,35.8223643417416,128.738035113655
47640844,35.8161177582731,128.762913651929
47640823,35.839354409991,128.765724604125
47640783,35.8139623647189,128.731025600123
47640761,35.8306894187141,128.747812757588
47640747,35.8392882215571,128.756432833482
47640710,35.8445722692253,128.750552709958
47640546,35.8438538796352,128.750893736092
47640527,35.8401419079707,128.759453026634
47640518,35.8409824681273,128.755831843447
47640431,35.8021268184917,128.737139727969
47640410,35.8295139834887,128.730393147347
47640401,35.8381181814187,128.752892687269
47640380,35.8171348542917,128.75561987948
47640332,35.8097195112824,128.759074792766
47640310,35.8426857229954,128.759444477589
47640300,35.8237291589159,128.734307728962
47640291,35.8168060672793,128.760465198952
47640161,35.8177068853092,128.756070385532
47640071,35.8407644449349,128.756654522964
47640019,35.8186467597205,128.756637652176
47639999,35.84213558141,128.75142160989
47639950,35.8149696639775,128.755685157312
47639916,35.8254652250023,128.726890572927
47639866,35.8188768562211,128.755451014989
47639836,35.8242781967042,128.723323215821
47639819,35.8431061792383,128.751539240503
47639806,35.8428434782253,128.759058944733
47639749,35.8415726717679,128.757627336635
47639726,35.8397949978155,128.764305740899
47639711,35.8431883045487,128.763603313413
47639704,35.8206759276083,128.725451894456
47639689,35.8220547149775,128.749145423256
47639681,35.8413732731002,128.760198707621
47639673,35.827326840798,128.73528662374
47639635,35.8247807421868,128.736612415802
47639612,35.8247945367934,128.727258886386
47639597,35.8162108958394,128.762971582977
47639375,35.8336796787994,128.743877290366
47635488,35.8206234682492,128.756779575632
47635477,35.8217132856433,128.758129225336
47635379,35.8207556914602,128.755871344685
47635369,35.8205788336725,128.756251379156
47635358,35.8217132856433,128.758129225336
47635347,35.8205025850349,128.75589464686
47635326,35.8222168731299,128.755673613317
47634495,35.8396628321723,128.752390043449
47634475,35.8389684806623,128.75269515277
47634064,35.8252842932071,128.720752553716
47634057,35.8224341978303,128.719235140234
47634041,35.8255407739022,128.722147638039
47634031,35.8274879182728,128.72967107118
47634021,35.8220075082946,128.718718848552
47633723,35.8394956093357,128.759238550287
47629671,35.8172003935159,128.755291068147
47629324,35.8229492876268,128.723261177278
47625606,35.8390348761498,128.757415294553
47623307,35.8386866609946,128.757749354472
47619575,35.812296765575,128.76104778245
47619487,35.8152501073161,128.763402060158
47617934,35.8400571031729,128.752937790713
47617074,35.8103764792821,128.759219384801
47615705,35.8403923468347,128.753078083755
47614313,35.8419433633431,128.751638506761
47613198,35.8386281989666,128.754313930231
47613095,35.8392217870554,128.759495008596
47611100,35.822573341308896,128.75737622299005
47610353,35.8406172765717,128.753626980724
47609847,35.8395600746942,128.753491376098
47609724,35.8400571031729,128.752937790713
47609569,35.840076312331,128.756958850487
47609530,35.8391053565248,128.751156772356
47609288,35.8392217870554,128.759495008596
47608381,35.8404779001754,128.756894002318
47606390,35.8391053565248,128.751156772356
47602941,35.8398574463648,128.751044708729
47602897,35.8395670517369,128.756542236264
47601877,35.8193121595953,128.748654515242
47599538,35.8411130244437,128.753241470739
47595859,35.8373416662734,128.751157397616
47595658,35.8407867376239,128.755141590639
47595607,35.8391006216776,128.753933785512
47594084,35.8392882215571,128.756432833482
47590746,35.8387264464297,128.754441812874
47590741,35.8381484256469,128.752919691609
47590734,35.8399884143587,128.759418316543
47589953,35.8400148615836,128.761051278855
47589418,35.8382540618809,128.759581754762
47587985,35.8382540618816,128.759581754762
47587906,35.8382540618816,128.759581754762
47587872,35.8456209049899,128.758290432917
47587817,35.8407644449356,128.756654522964
47587784,35.8400589135429,128.756077977503
47587600,35.8233248697366,128.754404561486
47587594,35.8233248697366,128.754404561486
47587582,35.8233248697366,128.754404561486
47587559,35.8206234682492,128.756779575632
47587558,35.8225556862374,128.756136825413
47587553,35.822554705017,128.75613613992
47587536,35.821190875764,128.755196932426
47587147,35.8222246705001,128.756934253447
47579043,35.8223008036294,128.756836461685
47578802,35.8379795561608,128.758420107382
47577645,35.8425554903905,128.759378184807
47577434,35.840091324207,128.759578183537
47577395,35.8389809379283,128.754144629484
47576403,35.8226851105199,128.757263283958
47576168,35.8217299223371,128.757866701383
47574924,35.8471093907278,128.761107111628
47574867,35.8409652299403,128.755439023677
47574586,35.83965570725316,128.75239663753862
47571371,35.8158422896725,128.763238804796
47571349,35.8406172765717,128.753626980724
47571180,35.8405402920606,128.753542504211
47571131,35.8409805199581,128.753836842393
47570984,35.8405315896811,128.754089246444
47570341,35.811284448162304,128.76005686058278
47570328,35.81724753950234,128.75800229776786
47569529,35.8411134757347,128.752141960586
47569255,35.8397517838038,128.762295361595
47569137,35.8382540618816,128.759581754762
47568987,35.8407644449356,128.756654522964
47568968,35.8233248697358,128.754404561486
47568123,35.8169309303019,128.72776526796
47567984,35.8139121837332,128.730862099957
47563202,35.8447005467169,128.756365152493
47560410,35.8385426361364,128.750969103647
47558031,35.8163770562557,128.76256048011
47558030,35.816053075972,128.763072091114
47558029,35.8095717205163,128.759844596884
47558028,35.8112838256423,128.760056293683
47558012,35.8097727727191,128.759394575471
47558011,35.8110823102147,128.760180950181
47558006,35.8174412187687,128.75808667108
47557988,35.8105790289368,128.759584171563
47557740,35.8097374808418,128.759238475581
47556737,35.8105790289368,128.759584171563
47556692,35.8308998462069,128.747458622594
47556631,35.817441218768,128.75808667108
47556412,35.8172737868734,128.748265827404
47556174,35.8379810484763,128.753082894221
47549217,35.8162160278671,128.762670875616
47545655,35.8397707966362,128.751369721666
47539779,35.8215617430766,128.757277242413
47536129,35.8381181814194,128.752892687269
47536007,35.8369375397417,128.752292685289
47535035,35.8378024582009,128.754433967554
47535014,35.8395320698366,128.751068100556
47534910,35.8407644449356,128.756654522964
47532762,35.8395670517369,128.756542236264
47532349,35.8393211364746,128.7531585693364
47528702,35.8336558461309,128.736283083887
47528023,35.8369375397417,128.752292685289
47526973,35.8205506016499,128.732771329117
47526911,35.8222075097867,128.739843400709
47526906,35.8100857333022,128.759499275934
47526807,35.826258389293,128.727637283352
47513696,35.8247232052924,128.739375502564
47509056,35.8400713261704,128.759110051194
47508463,35.8401817579736,128.757037981394
47503335,35.8392217870554,128.759495008596
47493912,35.8217132856433,128.758129225336
47490822,35.8378143531169,128.751506539883
47484796,35.8392730233987,128.750868403338
47481978,35.8185087606964,128.749765640974
47481794,35.83898822610862,128.7529352950363
47475012,35.8451082000229,128.708088842982
47472042,35.8381491845981,128.751502171386
47467639,35.8382540618816,128.759581754762
47467446,35.8403106927139,128.756558414277
47419022,35.838700492565,128.760134442261
47377992,35.8208731868864,128.73451533545
47335672,35.8225724727927,128.75737399092
47292208,35.8386709827854,128.757465920057
47265660,35.839872435213685,128.75211809134353
47259687,35.8400571031729,128.752937790713
47258067,35.8379224373462,128.754239954949
47234725,35.8205589238034,128.749956914579
47234521,35.8095022830291,128.759171003505
47228522,35.839341310672,128.761515804316
47225848,35.8097727727184,128.759394575472
47224853,35.8324896973947,128.745983763936
47176939,35.8324376444102,128.745646661195
47172765,35.8405578751805,128.753294767857
47172291,35.8396364764127,128.755997171813
47168980,35.8119435188157,128.759860878584
47166398,35.8389043000342,128.753036258949
47085625,35.8395789669603,128.752004950788
47032249,35.84095602720419,128.75690078594087
47020053,35.8385243350289,128.757628464728
47012228,35.8393289124989,128.752541949718
47012210,35.8405054370424,128.752954629771
46923564,35.8394648949215,128.753344636342
46877181,35.839893399373,128.756267557576
46760830,35.8396437468102,128.755117290019
