보증금,월세,전용면적,노후도,해당층,전체층,엘리베이터,위도,경도,지하철역_거리(m),세탁소_거리(m),카페_거리(m),약국_거리(m),대형마트_거리(m),편의점_거리(m),버스정류장_거리(m),남향,풀옵션,is_outlier,outlier_reason
300,50.0,30.0,6.0,3,4,True,35.8398019543371,128.755877866084,477.0,129.0,64.0,123.0,1986.0,20.0,208.0,False,True,True,월세_high
200,35.0,49.59,6.0,3,4,False,35.8160530759713,128.763072091114,2430.0,309.0,123.0,627.0,3118.0,254.0,93.0,True,False,True,전용면적_high
500,53.0,16.82,6.0,12,15,True,35.8352108505406,128.732792562365,420.0,389.0,85.0,222.0,348.0,137.0,98.0,False,False,True,월세_high 보증금_high
300,50.0,30.0,6.0,1,3,False,35.8388823282042,128.754016849471,308.0,49.0,26.0,119.0,1792.0,54.0,210.0,False,True,True,월세_high
300,50.0,36.36,6.0,1,3,False,35.8388823282042,128.754016849471,308.0,49.0,26.0,119.0,1792.0,54.0,210.0,True,True,True,월세_high
500,45.0,49.56,6.0,4,4,False,35.8175755764869,128.759078078945,2154.0,240.0,67.0,532.0,2730.0,139.0,43.0,True,False,True,보증금_high 전용면적_high
4500,5.0,30.0,6.0,1,3,True,35.8233251312041,128.754417512895,1447.0,159.0,137.0,266.0,2015.0,139.0,242.0,True,True,True,월세_low 보증금_high
4000,3.0,33.06,6.0,1,3,False,35.8216829867977,128.757699478556,1680.0,202.0,219.0,303.0,2363.0,122.0,267.0,True,True,True,월세_low 보증금_high
4500,5.0,26.4,6.0,1,3,False,35.8233248697366,128.754404561486,1447.0,158.0,138.0,266.0,2014.0,140.0,241.0,True,True,True,월세_low 보증금_high
200,45.0,49.59,6.0,2,4,False,35.8220893156447,128.756651117044,1614.0,164.0,116.0,235.0,2259.0,44.0,229.0,False,True,True,전용면적_high
200,35.0,50.0,6.0,3,3,False,35.8217859014161,128.757655941286,1668.0,204.0,212.0,302.0,2353.0,117.0,270.0,True,True,True,전용면적_high
200,35.0,50.0,6.0,2,3,False,35.8217859014161,128.757655941286,1668.0,204.0,212.0,302.0,2353.0,117.0,270.0,True,True,True,전용면적_high
500,45.0,35.5,6.0,2,4,False,35.8145573028903,128.753895858032,2417.0,241.0,65.0,233.0,2636.0,112.0,97.0,True,False,True,보증금_high
2500,5.0,30.0,6.0,3,3,False,35.82107541791,128.755414459848,1706.0,40.0,53.0,86.0,2230.0,66.0,78.0,True,True,True,월세_low 보증금_high
200,45.0,50.0,6.0,3,4,False,35.8215617430766,128.757277242413,1684.0,162.0,188.0,262.0,2338.0,86.0,228.0,True,True,True,전용면적_high
50,15.0,23.14,6.0,2,3,False,35.842727222319,128.754555173491,733.0,133.0,159.0,405.0,2030.0,133.0,184.0,False,True,True,월세_low
300,42.0,46.28,6.0,4,4,True,35.8295797419104,128.739537499822,522.0,158.0,145.0,323.0,525.0,187.0,195.0,True,True,True,전용면적_high
200,40.0,49.59,6.0,3,4,False,35.8152659054432,128.72782200727,2089.0,27.0,248.0,481.0,2089.0,128.0,56.0,False,False,True,전용면적_high
50,16.0,19.83,7.0,2,3,False,35.838226349924,128.75064697051,294.0,291.0,101.0,287.0,1483.0,27.0,315.0,False,False,True,월세_low
300,45.0,49.59,6.0,3,4,True,35.8242038431006,128.73590121272,1195.0,139.0,73.0,62.0,978.0,99.0,78.0,True,False,True,전용면적_high
200,45.0,50.0,6.0,4,4,False,35.8220003120346,128.756747850547,1626.0,160.0,127.0,237.0,2271.0,43.0,226.0,True,True,True,전용면적_high
200,45.0,50.0,6.0,4,4,False,35.8220032884988,128.756741498756,1625.0,160.0,126.0,236.0,2271.0,43.0,226.0,True,True,True,전용면적_high
200,40.0,50.0,6.0,2,4,False,35.8224607526897,128.756312540823,1568.0,190.0,87.0,237.0,2211.0,75.0,250.0,True,True,True,전용면적_high
200,40.0,50.0,6.0,3,4,False,35.8224607526897,128.756312540823,1568.0,190.0,87.0,237.0,2211.0,75.0,250.0,True,True,True,전용면적_high
300,50.0,49.59,6.0,3,4,True,35.8457696130084,128.759199834914,1200.0,158.0,6.0,504.0,2565.0,202.0,245.0,True,False,True,월세_high 전용면적_high
500,40.0,49.59,6.0,3,4,False,35.8173771794116,128.755551199092,2116.0,191.0,99.0,216.0,2506.0,138.0,190.0,True,True,True,보증금_high 전용면적_high
300,40.0,49.56,6.0,3,4,False,35.8173771794116,128.755551199092,2116.0,191.0,99.0,216.0,2506.0,138.0,190.0,True,False,True,전용면적_high
500,55.0,50.5,6.0,4,4,False,35.8400068316197,128.756577056597,533.0,196.0,40.0,64.0,2053.0,87.0,141.0,True,True,True,월세_high 보증금_high 전용면적_high
400,50.0,27.0,6.0,2,3,False,35.8402548986317,128.754444159126,465.0,100.0,18.0,233.0,1888.0,125.0,105.0,True,True,True,월세_high 보증금_high
3000,0.0,39.67,6.0,3,4,False,35.8383906317526,128.764628660042,1087.0,213.0,117.0,311.0,2693.0,105.0,27.0,False,False,True,월세_low 보증금_high
1500,20.0,30.0,6.0,3,4,False,35.8391236696599,128.76589987863,1218.0,150.0,75.0,278.0,2823.0,55.0,69.0,True,True,True,보증금_high
200,50.0,38.5,6.0,2,4,False,35.8392882215571,128.756432833482,465.0,170.0,14.0,92.0,2012.0,14.0,188.0,True,True,True,월세_high
500,55.0,50.0,6.0,4,4,False,35.8395670517369,128.756542236264,494.0,181.0,46.0,68.0,2032.0,46.0,162.0,True,True,True,월세_high 보증금_high 전용면적_high
500,50.0,40.0,6.0,2,4,False,35.8471093907278,128.761107111628,1416.0,92.0,233.0,566.0,2791.0,429.0,143.0,True,False,True,월세_high 보증금_high
200,50.0,40.0,6.0,4,4,False,35.8386841149951,128.758797655206,599.0,390.0,78.0,105.0,2193.0,89.0,152.0,False,True,True,월세_high
500,43.0,33.06,6.0,2,4,False,35.8417629562215,128.706863553986,202.0,106.0,113.0,152.0,347.0,142.0,137.0,True,False,True,보증금_high
300,30.0,49.56,6.0,3,4,False,35.8240574871313,128.722620917128,1226.0,190.0,72.0,99.0,1214.0,80.0,95.0,True,False,True,전용면적_high
300,21.0,49.56,6.0,2,4,False,35.8240574871307,128.722620917129,1226.0,190.0,72.0,99.0,1214.0,80.0,95.0,True,False,True,전용면적_high
300,40.0,49.59,11.0,2,4,False,35.8144905027918,128.728547452002,2175.0,96.0,258.0,384.0,2151.0,30.0,56.0,True,False,True,전용면적_high
200,40.0,49.59,11.0,3,4,True,35.8270661649276,128.735010624171,954.0,126.0,24.0,208.0,660.0,106.0,193.0,True,False,True,전용면적_high
300,58.0,50.0,6.0,3,6,True,35.8389536453154,128.757300952725,499.0,252.0,90.0,71.0,2073.0,90.0,166.0,True,True,True,월세_high 전용면적_high
300,48.0,52.89,24.0,1,3,False,35.8212772994092,128.752214219578,1669.0,149.0,34.0,152.0,1991.0,105.0,48.0,True,False,True,전용면적_high
200,35.0,49.59,6.0,3,4,False,35.8138412585897,128.731081496076,2260.0,141.0,123.0,148.0,2166.0,133.0,139.0,True,False,True,전용면적_high
500,45.0,49.59,6.0,4,4,False,35.8288403300369,128.73959605005,600.0,155.0,201.0,301.0,590.0,177.0,254.0,True,True,True,보증금_high 전용면적_high
3500,2.0,26.44,6.0,3,3,False,35.8430564188446,128.75104597843594,771.0,379.0,111.0,648.0,1793.0,95.0,103.0,True,True,True,월세_low 보증금_high
200,52.0,29.76,6.0,3,3,False,35.8388823282042,128.754016849471,308.0,49.0,26.0,119.0,1792.0,54.0,210.0,False,True,True,월세_high
200,35.0,49.59,14.0,3,4,False,35.8393569350488,128.766441682465,1272.0,162.0,82.0,290.0,2877.0,78.0,56.0,True,False,True,전용면적_high
500,45.0,49.59,6.0,3,4,False,35.8173600907947,128.758193196757,2158.0,250.0,81.0,453.0,2684.0,65.0,93.0,True,True,True,보증금_high 전용면적_high
8000,10.0,34.0,6.0,1,3,False,35.8212326976741,128.755708252686,1692.0,46.0,80.0,116.0,2242.0,84.0,103.0,True,True,True,월세_low 보증금_high
200,40.0,49.56,6.0,4,4,False,35.8308998462076,128.747458622594,677.0,696.0,129.0,844.0,1102.0,155.0,184.0,True,False,True,전용면적_high
300,50.0,30.0,6.0,2,4,True,35.8392882215578,128.756432833482,465.0,170.0,14.0,92.0,2012.0,14.0,188.0,True,True,True,월세_high
300,45.0,49.56,6.0,2,4,False,35.8173600907954,128.758193196756,2158.0,250.0,81.0,453.0,2684.0,65.0,93.0,False,False,True,전용면적_high
1000,92.0,39.54,6.0,7,15,True,35.8336796787994,128.743877290366,258.0,389.0,2.0,749.0,758.0,2.0,148.0,True,False,True,월세_high 보증금_high
300,45.0,49.59,6.0,2,4,False,35.8173600907947,128.758193196757,2158.0,250.0,81.0,453.0,2684.0,65.0,93.0,False,True,True,전용면적_high
500,40.0,36.36,6.0,2,3,False,35.8071214688538,128.753216246926,3194.0,499.0,212.0,500.0,3290.0,290.0,131.0,True,True,True,보증금_high
500,50.0,52.89,11.0,3,4,False,35.8153801847056,128.75458297417,2329.0,191.0,121.0,252.0,2606.0,38.0,191.0,True,True,True,월세_high 보증금_high 전용면적_high
30,16.0,49.58,6.0,1,3,False,35.842186310850295,128.7499068387001,709.0,327.0,37.0,640.0,1652.0,71.0,47.0,True,False,True,월세_low 전용면적_high
4500,5.0,26.45,6.0,3,3,False,35.83902076655612,128.75193999493786,316.0,154.0,101.0,264.0,1626.0,52.0,280.0,False,True,True,월세_low 보증금_high
6000,10.0,33.1,6.0,2,4,False,35.8398100288197,128.762434433632,949.0,241.0,39.0,198.0,2543.0,202.0,68.0,True,True,True,월세_low 보증금_high
300,50.0,27.0,6.0,2,4,False,35.8378716545081,128.752563893814,179.0,177.0,51.0,134.0,1630.0,56.0,148.0,True,True,True,월세_high
200,40.0,49.58,6.0,4,4,False,35.8308998462069,128.747458622594,677.0,696.0,129.0,844.0,1102.0,155.0,184.0,True,True,True,전용면적_high
500,55.0,40.0,6.0,4,4,False,35.8395670517369,128.756542236264,494.0,181.0,46.0,68.0,2032.0,46.0,162.0,True,True,True,월세_high 보증금_high
500,50.0,37.5,6.0,2,4,False,35.8153801847063,128.75458297417,2329.0,191.0,121.0,252.0,2606.0,38.0,191.0,True,True,True,월세_high 보증금_high
500,35.0,40.0,6.0,2,4,False,35.828833901731,128.739822198253,597.0,175.0,191.0,315.0,604.0,195.0,244.0,True,True,True,보증금_high
300,50.0,40.0,6.0,2,4,True,35.8392882215578,128.756432833482,465.0,170.0,14.0,92.0,2012.0,14.0,188.0,True,True,True,월세_high
500,50.0,49.58,6.0,4,4,False,35.8158668008986,128.762956229171,2445.0,296.0,120.0,604.0,3122.0,248.0,109.0,True,False,True,월세_high 보증금_high 전용면적_high
500,55.0,45.0,6.0,3,4,False,35.8372289660543,128.751736359274,146.0,279.0,49.0,149.0,1537.0,107.0,188.0,True,True,True,월세_high 보증금_high
300,50.0,30.0,6.0,2,4,False,35.8378716545081,128.752563893814,179.0,177.0,51.0,134.0,1630.0,56.0,148.0,False,True,True,월세_high
2000,40.0,27.6,6.0,2,4,False,35.8169309303019,128.72776526796,1904.0,211.0,232.0,342.0,1917.0,278.0,187.0,True,False,True,보증금_high
300,50.0,40.0,6.0,2,4,True,35.8392882215578,128.756432833482,465.0,170.0,14.0,92.0,2012.0,14.0,188.0,True,True,True,월세_high
500,45.0,49.59,6.0,3,4,False,35.8174412187687,128.75808667108,2147.0,263.0,94.0,443.0,2671.0,69.0,104.0,True,False,True,보증금_high 전용면적_high
500,45.0,35.5,6.0,3,4,True,35.8157310300643,128.738316109172,2058.0,349.0,176.0,321.0,1936.0,431.0,72.0,True,False,True,보증금_high
1000,25.0,35.0,6.0,3,4,False,35.8382768694627,128.764705045588,1091.0,225.0,109.0,324.0,2697.0,102.0,36.0,True,True,True,보증금_high
300,60.0,40.0,6.0,2,3,False,35.843841766551,128.757555006382,942.0,329.0,183.0,410.0,2325.0,72.0,249.0,True,True,True,월세_high
300,52.0,40.0,6.0,4,4,False,35.8392954893512,128.758806395796,633.0,383.0,141.0,78.0,2214.0,34.0,84.0,True,True,True,월세_high
500,50.0,39.67,6.0,2,3,False,35.8372289660536,128.751736359274,146.0,279.0,49.0,149.0,1537.0,107.0,188.0,False,True,True,월세_high 보증금_high
100,35.0,50.0,6.0,3,4,False,35.8244921905042,128.738557415408,1093.0,322.0,56.0,90.0,984.0,46.0,113.0,True,False,True,전용면적_high
500,39.0,49.59,6.0,3,4,True,35.8280677151368,128.737490156119,745.0,118.0,97.0,136.0,576.0,32.0,240.0,True,False,True,보증금_high 전용면적_high
1000,45.0,59.5,6.0,3,4,False,35.8145978135243,128.753793637868,2412.0,235.0,71.0,242.0,2627.0,110.0,95.0,True,False,True,보증금_high 전용면적_high
500,40.0,50.0,6.0,4,4,False,35.8097195112824,128.759074792766,3006.0,113.0,29.0,137.0,3348.0,70.0,161.0,False,False,True,보증금_high 전용면적_high
300,45.0,48.5,7.0,2,3,False,35.8170973997749,128.739655859676,1895.0,187.0,17.0,227.0,1806.0,243.0,198.0,True,False,True,전용면적_high
300,43.0,49.59,6.0,2,4,False,35.8188071758624,128.754860320795,1951.0,118.0,25.0,204.0,2352.0,259.0,138.0,True,False,True,전용면적_high
500,50.0,49.59,6.0,2,4,True,35.8146505987073,128.755825385599,2420.0,67.0,43.0,218.0,2741.0,176.0,98.0,True,False,True,월세_high 보증금_high 전용면적_high
200,45.0,56.2,6.0,2,4,False,35.8122967655743,128.76104778245,2767.0,118.0,16.0,197.0,3255.0,118.0,69.0,True,True,True,전용면적_high
200,40.0,49.59,6.0,2,3,False,35.8107642198599,128.758752455538,2886.0,201.0,146.0,79.0,3240.0,51.0,151.0,True,False,True,전용면적_high
500,40.0,25.5,6.0,1,4,False,35.8095022830291,128.759171003505,3031.0,88.0,13.0,144.0,3372.0,88.0,167.0,True,True,True,보증금_high
1000,35.0,56.2,6.0,2,4,False,35.811082310214,128.760180950181,2878.0,126.0,99.0,86.0,3299.0,126.0,52.0,True,True,True,보증금_high 전용면적_high
500,45.0,49.59,6.0,3,4,False,35.8175755764862,128.759078078945,2154.0,240.0,67.0,532.0,2730.0,139.0,43.0,True,False,True,보증금_high 전용면적_high
500,50.0,30.0,6.0,7,7,True,35.84146636018,128.760352385088,889.0,443.0,17.0,130.0,2430.0,149.0,134.0,True,True,True,월세_high 보증금_high
500,44.0,39.67,6.0,2,4,True,35.8363880269208,128.727132741438,282.0,108.0,108.0,156.0,656.0,70.0,144.0,True,False,True,보증금_high
500,45.0,25.5,6.0,3,4,False,35.819422215983,128.748206619449,1755.0,210.0,56.0,453.0,1894.0,149.0,67.0,True,False,True,보증금_high
500,40.0,35.5,6.0,3,4,False,35.8171935918045,128.748036264625,1983.0,363.0,192.0,427.0,2088.0,230.0,210.0,True,False,True,보증금_high
500,45.0,35.5,6.0,4,4,False,35.8237812671939,128.734418514648,1266.0,25.0,25.0,75.0,1029.0,50.0,129.0,True,False,True,보증금_high
500,45.0,45.0,6.0,2,4,False,35.8394277946885,128.761744809388,874.0,312.0,97.0,232.0,2471.0,203.0,136.0,True,True,True,보증금_high
200,35.0,49.56,6.0,2,4,False,35.816053075972,128.763072091114,2430.0,309.0,123.0,627.0,3118.0,254.0,93.0,True,False,True,전용면적_high
300,45.0,45.5,6.0,3,4,False,35.8175755764862,128.759078078945,2154.0,240.0,67.0,532.0,2730.0,139.0,43.0,True,True,True,전용면적_high
500,45.0,45.5,6.0,2,4,True,35.8185379932487,128.756304773897,1997.0,233.0,50.0,301.0,2469.0,232.0,173.0,False,False,True,보증금_high 전용면적_high
300,35.0,49.56,6.0,3,4,False,35.8288403300369,128.73959605005,600.0,155.0,201.0,301.0,590.0,177.0,254.0,True,True,True,전용면적_high
200,45.0,49.56,6.0,3,4,False,35.8122967655743,128.76104778245,2767.0,118.0,16.0,197.0,3255.0,118.0,69.0,True,False,True,전용면적_high
300,40.0,49.59,11.0,5,6,True,35.8223643417416,128.738035113655,1334.0,108.0,57.0,139.0,1203.0,79.0,219.0,True,False,True,전용면적_high
300,50.0,49.59,6.0,3,4,False,35.8392882215571,128.756432833482,465.0,170.0,14.0,92.0,2012.0,14.0,188.0,True,True,True,월세_high 전용면적_high
200,38.0,49.59,6.0,3,3,False,35.8445722692253,128.750552709958,945.0,330.0,201.0,803.0,1870.0,110.0,213.0,True,False,True,전용면적_high
300,45.0,49.59,6.0,2,4,True,35.8401419079707,128.759453026634,734.0,422.0,47.0,104.0,2300.0,84.0,47.0,True,True,True,전용면적_high
500,45.0,49.59,13.0,3,4,False,35.8097195112824,128.759074792766,3006.0,113.0,29.0,137.0,3348.0,70.0,161.0,True,False,True,보증금_high 전용면적_high
300,40.0,49.59,6.0,2,4,True,35.8426857229954,128.759444477589,928.0,406.0,161.0,249.0,2412.0,94.0,59.0,True,False,True,전용면적_high
300,42.0,49.59,6.0,3,4,False,35.8237291589159,128.734307728962,1267.0,27.0,27.0,81.0,1035.0,62.0,133.0,True,True,True,전용면적_high
500,48.0,49.59,6.0,5,5,True,35.8168060672793,128.760465198952,2271.0,162.0,78.0,614.0,2881.0,43.0,112.0,True,False,True,보증금_high 전용면적_high
300,40.0,49.59,6.0,3,5,True,35.8177068853092,128.756070385532,2085.0,219.0,100.0,262.0,2515.0,184.0,207.0,True,False,True,전용면적_high
500,50.0,46.28,6.0,3,4,True,35.8149696639775,128.755685157312,2383.0,82.0,58.0,250.0,2706.0,148.0,123.0,True,False,True,월세_high 보증금_high 전용면적_high
300,40.0,49.59,6.0,2,4,False,35.8428434782253,128.759058944733,920.0,378.0,179.0,287.0,2389.0,69.0,95.0,True,False,True,전용면적_high
300,40.0,49.59,11.0,2,4,False,35.8220547149775,128.749145423256,1525.0,260.0,170.0,440.0,1729.0,124.0,91.0,True,False,True,전용면적_high
500,50.0,42.98,9.0,7,7,True,35.8413732731002,128.760198707621,871.0,453.0,0.0,145.0,2413.0,134.0,119.0,True,True,True,월세_high 보증금_high
500,73.0,27.51,6.0,7,15,True,35.8336796787994,128.743877290366,258.0,389.0,2.0,749.0,758.0,2.0,148.0,False,False,True,월세_high 보증금_high
200,35.0,49.59,6.0,2,4,False,35.8205025850349,128.75589464686,1775.0,38.0,63.0,137.0,2303.0,136.0,64.0,False,True,True,전용면적_high
200,35.0,49.59,6.0,1,3,False,35.8222168731299,128.755673613317,1584.0,155.0,27.0,179.0,2177.0,28.0,206.0,True,True,True,전용면적_high
300,55.0,33.06,6.0,4,5,True,35.8390348761498,128.757415294553,513.0,260.0,98.0,57.0,2086.0,98.0,154.0,False,True,True,월세_high
200,45.0,49.59,6.0,3,4,False,35.812296765575,128.76104778245,2767.0,118.0,16.0,197.0,3255.0,118.0,69.0,True,True,True,전용면적_high
300,53.0,30.0,6.0,3,4,False,35.8404779001754,128.756894002318,592.0,203.0,26.0,81.0,2100.0,69.0,110.0,False,True,True,월세_high
500,35.0,35.5,6.0,2,4,False,35.8193121595953,128.748654515242,1781.0,177.0,59.0,412.0,1928.0,154.0,36.0,True,False,True,보증금_high
300,50.0,36.36,6.0,2,4,False,35.8392882215571,128.756432833482,465.0,170.0,14.0,92.0,2012.0,14.0,188.0,True,True,True,월세_high
500,45.0,45.0,6.0,3,4,False,35.8456209049899,128.758290432917,1149.0,241.0,80.0,546.0,2488.0,140.0,320.0,True,True,True,보증금_high
500,50.0,27.0,6.0,4,4,False,35.8471093907278,128.761107111628,1416.0,92.0,233.0,566.0,2791.0,429.0,143.0,True,False,True,월세_high 보증금_high
500,36.0,49.59,6.0,3,4,True,35.811284448162304,128.76005686058278,2854.0,135.0,77.0,81.0,3275.0,102.0,77.0,False,False,True,보증금_high 전용면적_high
1000,45.0,50.0,6.0,3,4,True,35.81724753950234,128.75800229776786,2166.0,250.0,82.0,437.0,2679.0,46.0,108.0,True,True,True,보증금_high 전용면적_high
200,35.0,50.0,6.0,2,4,False,35.8139121837332,128.730862099957,2251.0,162.0,143.0,169.0,2162.0,120.0,160.0,True,False,True,전용면적_high
200,35.0,49.56,6.0,3,4,False,35.816053075972,128.763072091114,2430.0,309.0,123.0,627.0,3118.0,254.0,93.0,True,True,True,전용면적_high
1000,40.0,45.5,6.0,3,4,False,35.8095717205163,128.759844596884,3036.0,112.0,49.0,98.0,3405.0,112.0,132.0,True,True,True,보증금_high 전용면적_high
500,45.0,49.56,6.0,3,4,True,35.8112838256423,128.760056293683,2854.0,135.0,77.0,81.0,3275.0,103.0,77.0,True,False,True,보증금_high 전용면적_high
1000,35.0,49.56,6.0,3,4,False,35.8110823102147,128.760180950181,2878.0,126.0,99.0,86.0,3299.0,126.0,52.0,False,False,True,보증금_high 전용면적_high
300,40.0,50.0,6.0,2,4,False,35.8097374808418,128.759238475581,3007.0,114.0,24.0,124.0,3356.0,72.0,148.0,True,False,True,전용면적_high
500,45.0,49.59,6.0,3,4,False,35.817441218768,128.75808667108,2147.0,263.0,94.0,443.0,2671.0,69.0,104.0,True,False,True,보증금_high 전용면적_high
2000,30.0,56.2,6.0,4,4,False,35.8172737868734,128.748265827404,1981.0,351.0,183.0,405.0,2092.0,202.0,196.0,False,False,True,보증금_high 전용면적_high
900,66.0,40.2,6.0,11,15,True,35.8336558461309,128.736283083887,434.0,362.0,77.0,109.0,102.0,107.0,44.0,True,False,True,월세_high 보증금_high
100,29.0,49.59,6.0,3,4,False,35.8222075097867,128.739843400709,1328.0,256.0,203.0,244.0,1261.0,219.0,194.0,True,False,True,전용면적_high
500,43.0,35.5,6.0,2,4,False,35.8247232052924,128.739375502564,1054.0,386.0,107.0,168.0,983.0,36.0,89.0,True,False,True,보증금_high
1000,55.0,49.56,6.0,3,4,True,35.8208731868864,128.73451533545,1567.0,74.0,32.0,153.0,1350.0,91.0,178.0,True,False,True,월세_high 보증금_high 전용면적_high
1000,39.0,49.0,6.0,2,4,False,35.8205589238034,128.749956914579,1706.0,79.0,110.0,336.0,1899.0,114.0,161.0,True,False,True,보증금_high 전용면적_high
500,51.0,59.5,6.0,2,4,False,35.8095022830291,128.759171003505,3031.0,88.0,13.0,144.0,3372.0,88.0,167.0,True,True,True,월세_high 보증금_high 전용면적_high
300,47.0,49.59,6.0,2,4,False,35.8097727727184,128.759394575472,3005.0,119.0,28.0,110.0,3362.0,75.0,135.0,True,True,True,전용면적_high
